"","x","y","eta","pop_size","area_sqkm","cell.id"
"1",19.12083253685,-4.02083298125,3.01995650708875e-09,1114,21.3187209915743,18459819
"2",19.16249920335,-4.02083298125,2.69000000052699e-09,3357,21.3187209915743,18459820
"3",19.20416586985,-4.02083298125,1.76789516359577e-09,2070,21.3187209915743,18459821
"4",19.24583253635,-4.02083298125,1.89354598667535e-09,155,21.3187209915743,18459822
"5",19.28749920285,-4.02083298125,3.01086133802642e-09,2911,21.3187209915743,18459823
"6",19.32916586935,-4.02083298125,3.01546898562322e-09,859,21.3187209915743,18459824
"7",19.37083253585,-4.02083298125,2.69000000052699e-09,110,21.3187209915743,18459825
"8",19.41249920235,-4.02083298125,4.2857628557158e-09,524,21.3187209915743,18459826
"9",19.45416586885,-4.02083298125,4.2857628557158e-09,885,21.3187209915743,18459827
"10",19.49583253535,-4.02083298125,2.69000000052699e-09,3105,21.3187209915743,18459828
"11",19.53749920185,-4.02083298125,2.4970774337163e-09,2514,21.3187209915743,18459829
"12",19.57916586835,-4.02083298125,1.10335596215094e-09,655,21.3187209915743,18459830
"13",19.62083253485,-4.02083298125,1.10335596215094e-09,1082,21.3187209915743,18459831
"14",19.66249920135,-4.02083298125,4.2857628557158e-09,304,21.3187209915743,18459832
"17",19.78749920085,-4.02083298125,4.2857628557158e-09,13,21.3187209915743,18459835
"29",20.28749919885,-4.02083298125,4.2857628557158e-09,16,21.3187209915743,18459847
"33",19.12083253685,-4.06249964775,1.88873627848807e-09,2355,21.3176547720156,18468459
"34",19.16249920335,-4.06249964775,2.69000000052699e-09,6195,21.3176547720156,18468460
"35",19.20416586985,-4.06249964775,2.69000000052699e-09,1754,21.3176547720156,18468461
"36",19.24583253635,-4.06249964775,2.69000000052699e-09,1788,21.3176547720156,18468462
"37",19.28749920285,-4.06249964775,1.89769311376153e-09,301,21.3176547720156,18468463
"38",19.32916586935,-4.06249964775,1.89481319523566e-09,633,21.3176547720156,18468464
"39",19.37083253585,-4.06249964775,3.0131146466772e-09,282,21.3176547720156,18468465
"40",19.41249920235,-4.06249964775,1.88766313691247e-09,377,21.3176547720156,18468466
"41",19.45416586885,-4.06249964775,3.04460123778938e-09,1431,21.3176547720156,18468467
"42",19.49583253535,-4.06249964775,2.69000000052699e-09,817,21.3176547720156,18468468
"43",19.53749920185,-4.06249964775,2.5811019987998e-09,17581,21.3176547720156,18468469
"44",19.57916586835,-4.06249964775,4.2857628557158e-09,48426,21.3176547720156,18468470
"45",19.62083253485,-4.06249964775,4.03409083915562e-09,1220,21.3176547720156,18468471
"46",19.66249920135,-4.06249964775,1.0306229203394e-09,38,21.3176547720156,18468472
"47",19.70416586785,-4.06249964775,4.2857628557158e-09,1155,21.3176547720156,18468473
"48",19.74583253435,-4.06249964775,4.22735180194422e-09,933,21.3176547720156,18468474
"49",19.78749920085,-4.06249964775,2.69000000052699e-09,533,21.3176547720156,18468475
"50",19.82916586735,-4.06249964775,4.2857628557158e-09,18,21.3176547720156,18468476
"54",19.99583253335,-4.06249964775,4.2857628557158e-09,48,21.3176547720156,18468480
"55",20.03749919985,-4.06249964775,4.2857628557158e-09,197,21.3176547720156,18468481
"65",19.12083253685,-4.10416631425,1.8893600017833e-09,4955,21.3165775745142,18477099
"66",19.16249920335,-4.10416631425,3.01591085438702e-09,330,21.3165775745142,18477100
"67",19.20416586985,-4.10416631425,1.87631821191303e-09,25,21.3165775745142,18477101
"68",19.24583253635,-4.10416631425,1.76679981755967e-09,16460,21.3165775745142,18477102
"69",19.28749920285,-4.10416631425,3.02032043819622e-09,2587,21.3165775745142,18477103
"70",19.32916586935,-4.10416631425,3.01764724319753e-09,669,21.3165775745142,18477104
"71",19.37083253585,-4.10416631425,1.89218085644427e-09,1700,21.3165775745142,18477105
"72",19.41249920235,-4.10416631425,1.88766313691247e-09,1080,21.3165775745142,18477106
"73",19.45416586885,-4.10416631425,3.00756108906342e-09,805,21.3165775745142,18477107
"74",19.49583253535,-4.10416631425,2.56892151995203e-09,3159,21.3165775745142,18477108
"75",19.53749920185,-4.10416631425,3.00891200843978e-09,4,21.3165775745142,18477109
"76",19.57916586835,-4.10416631425,4.2857628557158e-09,5200,21.3165775745142,18477110
"77",19.62083253485,-4.10416631425,2.55661758430392e-09,217,21.3165775745142,18477111
"78",19.66249920135,-4.10416631425,2.80418821496653e-09,3360,21.3165775745142,18477112
"79",19.70416586785,-4.10416631425,4.07483202735648e-09,85,21.3165775745142,18477113
"80",19.74583253435,-4.10416631425,4.2857628557158e-09,259,21.3165775745142,18477114
"81",19.78749920085,-4.10416631425,3.76026410009445e-09,913,21.3165775745142,18477115
"82",19.82916586735,-4.10416631425,2.49017984010891e-09,38,21.3165775745142,18477116
"83",19.87083253385,-4.10416631425,4.2857628557158e-09,1563,21.3165775745142,18477117
"84",19.91249920035,-4.10416631425,4.2857628557158e-09,1,21.3165775745142,18477118
"85",19.95416586685,-4.10416631425,4.2857628557158e-09,1642,21.3165775745142,18477119
"86",19.99583253335,-4.10416631425,2.69000000052699e-09,135,21.3165775745142,18477120
"87",20.03749919985,-4.10416631425,4.2857628557158e-09,65,21.3165775745142,18477121
"92",20.24583253235,-4.10416631425,4.2857628557158e-09,842,21.3165775745142,18477126
"93",20.28749919885,-4.10416631425,2.69000000052699e-09,943,21.3165775745142,18477127
"94",20.32916586535,-4.10416631425,2.69000000052699e-09,828,21.3165775745142,18477128
"97",19.12083253685,-4.14583298075,3.100408374479e-09,2204,21.3154893995018,18485739
"98",19.16249920335,-4.14583298075,3.03346014973727e-09,2309,21.3154893995018,18485740
"99",19.20416586985,-4.14583298075,3.01350366882502e-09,779,21.3154893995018,18485741
"100",19.24583253635,-4.14583298075,2.69000000052699e-09,12820,21.3154893995018,18485742
"101",19.28749920285,-4.14583298075,2.69000000052699e-09,6981,21.3154893995018,18485743
"102",19.32916586935,-4.14583298075,3.05005021239424e-09,357,21.3154893995018,18485744
"103",19.37083253585,-4.14583298075,1.89269222516941e-09,1465,21.3154893995018,18485745
"104",19.41249920235,-4.14583298075,1.88462268013723e-09,1794,21.3154893995018,18485746
"105",19.45416586885,-4.14583298075,3.01720692874596e-09,654,21.3154893995018,18485747
"106",19.49583253535,-4.14583298075,1.8940486956609e-09,757,21.3154893995018,18485748
"107",19.53749920185,-4.14583298075,3.04531710959566e-09,627,21.3154893995018,18485749
"108",19.57916586835,-4.14583298075,4.10865208522182e-09,15,21.3154893995018,18485750
"109",19.62083253485,-4.14583298075,1.87034832066502e-09,7934,21.3154893995018,18485751
"110",19.66249920135,-4.14583298075,4.22615897832657e-09,1189,21.3154893995018,18485752
"111",19.70416586785,-4.14583298075,2.69000000052699e-09,1308,21.3154893995018,18485753
"112",19.74583253435,-4.14583298075,4.24072243987439e-09,2010,21.3154893995018,18485754
"113",19.78749920085,-4.14583298075,2.53925991344772e-09,1298,21.3154893995018,18485755
"114",19.82916586735,-4.14583298075,1.73340464204585e-09,15290,21.3154893995018,18485756
"115",19.87083253385,-4.14583298075,1.08994835379406e-09,58679,21.3154893995018,18485757
"116",19.91249920035,-4.14583298075,4.2857628557158e-09,2361,21.3154893995018,18485758
"117",19.95416586685,-4.14583298075,2.69000000052699e-09,63,21.3154893995018,18485759
"118",19.99583253335,-4.14583298075,4.2857628557158e-09,229,21.3154893995018,18485760
"122",20.16249919935,-4.14583298075,4.2857628557158e-09,3,21.3154893995018,18485764
"123",20.20416586585,-4.14583298075,2.69000000052699e-09,529,21.3154893995018,18485765
"124",20.24583253235,-4.14583298075,2.69000000052699e-09,554,21.3154893995018,18485766
"125",20.28749919885,-4.14583298075,4.2857628557158e-09,5,21.3154893995018,18485767
"129",19.12083253685,-4.18749964725,2.69000000052699e-09,2310,21.3143902474141,18494379
"130",19.16249920335,-4.18749964725,1.92655691400034e-09,420,21.3143902474141,18494380
"131",19.20416586985,-4.18749964725,3.04498692926813e-09,811,21.3143902474141,18494381
"132",19.24583253635,-4.18749964725,3.03549252400614e-09,1184,21.3143902474141,18494382
"133",19.28749920285,-4.18749964725,1.89691706786732e-09,456,21.3143902474141,18494383
"134",19.32916586935,-4.18749964725,1.91522553372181e-09,2061,21.3143902474141,18494384
"135",19.37083253585,-4.18749964725,2.55364307477635e-09,758,21.3143902474141,18494385
"136",19.41249920235,-4.18749964725,4.09349842911411e-09,1354,21.3143902474141,18494386
"137",19.45416586885,-4.18749964725,3.02110314542858e-09,747,21.3143902474141,18494387
"138",19.49583253535,-4.18749964725,1.91290183693127e-09,761,21.3143902474141,18494388
"139",19.53749920185,-4.18749964725,2.98156610512024e-09,530,21.3143902474141,18494389
"140",19.57916586835,-4.18749964725,3.0282274465776e-09,10,21.3143902474141,18494390
"141",19.62083253485,-4.18749964725,2.69000000052699e-09,2023,21.3143902474141,18494391
"142",19.66249920135,-4.18749964725,4.12642142677555e-09,682,21.3143902474141,18494392
"145",19.78749920085,-4.18749964725,4.2857628557158e-09,27,21.3143902474141,18494395
"146",19.82916586735,-4.18749964725,4.2857628557158e-09,581,21.3143902474141,18494396
"147",19.87083253385,-4.18749964725,4.18825996106875e-09,16374,21.3143902474141,18494397
"148",19.91249920035,-4.18749964725,1.69970959529309e-09,1053,21.3143902474141,18494398
"149",19.95416586685,-4.18749964725,1.0244510795232e-09,1452,21.3143902474141,18494399
"150",19.99583253335,-4.18749964725,1.02979935689973e-09,613,21.3143902474141,18494400
"161",19.12083253685,-4.22916631375,1.81501891294289e-09,6424,21.3132801186924,18503019
"162",19.16249920335,-4.22916631375,1.81381698549643e-09,2583,21.3132801186924,18503020
"163",19.20416586985,-4.22916631375,3.06997449683877e-09,316,21.3132801186924,18503021
"164",19.24583253635,-4.22916631375,1.91277949035396e-09,2874,21.3132801186924,18503022
"165",19.28749920285,-4.22916631375,2.99902769285154e-09,425,21.3132801186924,18503023
"166",19.32916586935,-4.22916631375,1.93963956007792e-09,2236,21.3132801186924,18503024
"167",19.37083253585,-4.22916631375,1.9403689766051e-09,269,21.3132801186924,18503025
"168",19.41249920235,-4.22916631375,3.01694824678123e-09,503,21.3132801186924,18503026
"169",19.45416586885,-4.22916631375,1.87889459546398e-09,582,21.3132801186924,18503027
"170",19.49583253535,-4.22916631375,1.89293403174418e-09,1067,21.3132801186924,18503028
"171",19.53749920185,-4.22916631375,3.04531999617552e-09,525,21.3132801186924,18503029
"172",19.57916586835,-4.22916631375,3.04483172008929e-09,1018,21.3132801186924,18503030
"173",19.62083253485,-4.22916631375,3.06285441453724e-09,3787,21.3132801186924,18503031
"174",19.66249920135,-4.22916631375,1.99916594390004e-09,5032,21.3132801186924,18503032
"176",19.74583253435,-4.22916631375,3.14495163244999e-09,1823,21.3132801186924,18503034
"177",19.78749920085,-4.22916631375,2.69000000052699e-09,852,21.3132801186924,18503035
"178",19.82916586735,-4.22916631375,2.69000000052699e-09,17,21.3132801186924,18503036
"179",19.87083253385,-4.22916631375,4.1909986592259e-09,579,21.3132801186924,18503037
"180",19.91249920035,-4.22916631375,2.61571475590472e-09,9,21.3132801186924,18503038
"181",19.95416586685,-4.22916631375,1.8168451187961e-09,6907,21.3132801186924,18503039
"182",19.99583253335,-4.22916631375,1.69250691239853e-09,3019,21.3132801186924,18503040
"183",20.03749919985,-4.22916631375,3.05532044109214e-09,32,21.3132801186924,18503041
"185",20.12083253285,-4.22916631375,3.08860625963803e-09,261,21.3132801186924,18503043
"187",20.20416586585,-4.22916631375,2.69000000052699e-09,1,21.3132801186924,18503045
"193",19.12083253685,-4.27083298025,1.79455927895589e-09,3800,21.3121590137792,18511659
"194",19.16249920335,-4.27083298025,1.81351056394163e-09,1034,21.3121590137792,18511660
"195",19.20416586985,-4.27083298025,3.02116642814099e-09,646,21.3121590137792,18511661
"196",19.24583253635,-4.27083298025,3.00344282777587e-09,2537,21.3121590137792,18511662
"197",19.28749920285,-4.27083298025,3.0343316748116e-09,168,21.3121590137792,18511663
"198",19.32916586935,-4.27083298025,1.89557880503344e-09,1054,21.3121590137792,18511664
"199",19.37083253585,-4.27083298025,2.69000000052699e-09,1589,21.3121590137792,18511665
"200",19.41249920235,-4.27083298025,4.24084856120999e-09,1036,21.3121590137792,18511666
"201",19.45416586885,-4.27083298025,3.0662159478112e-09,256,21.3121590137792,18511667
"202",19.49583253535,-4.27083298025,2.56973708978592e-09,399,21.3121590137792,18511668
"203",19.53749920185,-4.27083298025,2.97701308049625e-09,97,21.3121590137792,18511669
"204",19.57916586835,-4.27083298025,2.94344748574815e-09,998,21.3121590137792,18511670
"205",19.62083253485,-4.27083298025,3.00553870680176e-09,1743,21.3121590137792,18511671
"206",19.66249920135,-4.27083298025,3.06182412757039e-09,586,21.3121590137792,18511672
"207",19.70416586785,-4.27083298025,2.07780948002778e-09,1294,21.3121590137792,18511673
"208",19.74583253435,-4.27083298025,1.99766136965707e-09,5501,21.3121590137792,18511674
"209",19.78749920085,-4.27083298025,2.69000000052699e-09,1961,21.3121590137792,18511675
"210",19.82916586735,-4.27083298025,2.58802446140294e-09,701,21.3121590137792,18511676
"211",19.87083253385,-4.27083298025,1.90306659320072e-09,4491,21.3121590137792,18511677
"212",19.91249920035,-4.27083298025,3.0795654915039e-09,1402,21.3121590137792,18511678
"213",19.95416586685,-4.27083298025,1.97326488482474e-09,14,21.3121590137792,18511679
"214",19.99583253335,-4.27083298025,2.89157831012687e-09,274,21.3121590137792,18511680
"215",20.03749919985,-4.27083298025,2.9277780200232e-09,23,21.3121590137792,18511681
"216",20.07916586635,-4.27083298025,2.97805624605019e-09,1537,21.3121590137792,18511682
"217",20.12083253285,-4.27083298025,7.53136275566391e-10,57,21.3121590137792,18511683
"218",20.16249919935,-4.27083298025,3.0505760140187e-09,2361,21.3121590137792,18511684
"220",20.24583253235,-4.27083298025,1.95855354157004e-09,191,21.3121590137792,18511686
"221",20.28749919885,-4.27083298025,1.97676497393218e-09,43,21.3121590137792,18511687
"222",20.32916586535,-4.27083298025,2.69000000052699e-09,1103,21.3121590137792,18511688
"223",20.37083253185,-4.27083298025,1.95997396090775e-09,249,21.3121590137792,18511689
"224",20.41249919835,-4.27083298025,3.09957504107672e-09,39,21.3121590137792,18511690
"225",19.12083253685,-4.31249964675,1.80137738059472e-09,4926,21.3110269331269,18520299
"226",19.16249920335,-4.31249964675,1.78981296450331e-09,3285,21.3110269331269,18520300
"227",19.20416586985,-4.31249964675,3.05985325965707e-09,142,21.3110269331269,18520301
"228",19.24583253635,-4.31249964675,1.91564319962367e-09,4825,21.3110269331269,18520302
"229",19.28749920285,-4.31249964675,4.28362678661642e-09,1844,21.3110269331269,18520303
"230",19.32916586935,-4.31249964675,2.69000000052699e-09,1754,21.3110269331269,18520304
"231",19.37083253585,-4.31249964675,2.69000000052699e-09,14657,21.3110269331269,18520305
"232",19.41249920235,-4.31249964675,1.90765847563057e-09,2419,21.3110269331269,18520306
"233",19.45416586885,-4.31249964675,2.69000000052699e-09,840,21.3110269331269,18520307
"234",19.49583253535,-4.31249964675,2.69000000052699e-09,3554,21.3110269331269,18520308
"235",19.53749920185,-4.31249964675,1.84847381845543e-09,2008,21.3110269331269,18520309
"236",19.57916586835,-4.31249964675,2.98386759745028e-09,1711,21.3110269331269,18520310
"237",19.62083253485,-4.31249964675,2.98200419912575e-09,2284,21.3110269331269,18520311
"238",19.66249920135,-4.31249964675,2.07550110431498e-09,4404,21.3110269331269,18520312
"239",19.70416586785,-4.31249964675,2.09179162879991e-09,547,21.3110269331269,18520313
"240",19.74583253435,-4.31249964675,2.12655537623618e-09,1701,21.3110269331269,18520314
"241",19.78749920085,-4.31249964675,3.14460013584039e-09,2,21.3110269331269,18520315
"242",19.82916586735,-4.31249964675,1.88235560472094e-09,545,21.3110269331269,18520316
"243",19.87083253385,-4.31249964675,3.0009421614352e-09,702,21.3110269331269,18520317
"244",19.91249920035,-4.31249964675,3.02363978299525e-09,137,21.3110269331269,18520318
"245",19.95416586685,-4.31249964675,2.69000000052699e-09,2970,21.3110269331269,18520319
"246",19.99583253335,-4.31249964675,1.97348182240376e-09,302,21.3110269331269,18520320
"247",20.03749919985,-4.31249964675,1.87073490032219e-09,2384,21.3110269331269,18520321
"248",20.07916586635,-4.31249964675,3.07205305638547e-09,2998,21.3110269331269,18520322
"249",20.12083253285,-4.31249964675,3.10376102596877e-09,263,21.3110269331269,18520323
"250",20.16249919935,-4.31249964675,1.67005453910463e-09,1945,21.3110269331269,18520324
"251",20.20416586585,-4.31249964675,3.10387693325254e-09,692,21.3110269331269,18520325
"252",20.24583253235,-4.31249964675,3.07821346190451e-09,381,21.3110269331269,18520326
"253",20.28749919885,-4.31249964675,1.86140547420166e-09,1,21.3110269331269,18520327
"254",20.32916586535,-4.31249964675,3.08059844300601e-09,375,21.3110269331269,18520328
"255",20.37083253185,-4.31249964675,3.02300318111293e-09,8819,21.3110269331269,18520329
"257",19.12083253685,-4.35416631325,2.68067990027987e-09,4135,21.3098838771853,18528939
"258",19.16249920335,-4.35416631325,2.69000000052699e-09,2957,21.3098838771853,18528940
"259",19.20416586985,-4.35416631325,2.69000000052699e-09,1756,21.3098838771853,18528941
"260",19.24583253635,-4.35416631325,4.2857628557158e-09,4207,21.3098838771853,18528942
"261",19.28749920285,-4.35416631325,4.26355706295567e-09,1828,21.3098838771853,18528943
"262",19.32916586935,-4.35416631325,2.69000000052699e-09,1511,21.3098838771853,18528944
"263",19.37083253585,-4.35416631325,2.69000000052699e-09,1576,21.3098838771853,18528945
"264",19.41249920235,-4.35416631325,2.69000000052699e-09,1621,21.3098838771853,18528946
"265",19.45416586885,-4.35416631325,1.76519976413658e-09,3677,21.3098838771853,18528947
"266",19.49583253535,-4.35416631325,2.69000000052699e-09,2431,21.3098838771853,18528948
"267",19.53749920185,-4.35416631325,2.69000000052699e-09,1661,21.3098838771853,18528949
"268",19.57916586835,-4.35416631325,2.98316971125701e-09,1011,21.3098838771853,18528950
"269",19.62083253485,-4.35416631325,1.85908799466006e-09,2037,21.3098838771853,18528951
"270",19.66249920135,-4.35416631325,1.77333248085887e-09,1418,21.3098838771853,18528952
"271",19.70416586785,-4.35416631325,1.88242377241465e-09,4861,21.3098838771853,18528953
"272",19.74583253435,-4.35416631325,2.09937067729982e-09,1496,21.3098838771853,18528954
"273",19.78749920085,-4.35416631325,1.97477234564758e-09,1116,21.3098838771853,18528955
"274",19.82916586735,-4.35416631325,3.10586645291266e-09,280,21.3098838771853,18528956
"275",19.87083253385,-4.35416631325,3.02984681788132e-09,1067,21.3098838771853,18528957
"276",19.91249920035,-4.35416631325,2.98018676403444e-09,523,21.3098838771853,18528958
"277",19.95416586685,-4.35416631325,3.15510151338572e-09,11,21.3098838771853,18528959
"278",19.99583253335,-4.35416631325,2.05382422180378e-09,2538,21.3098838771853,18528960
"279",20.03749919985,-4.35416631325,3.07477598937567e-09,77,21.3098838771853,18528961
"280",20.07916586635,-4.35416631325,3.11318038015429e-09,1686,21.3098838771853,18528962
"281",20.12083253285,-4.35416631325,2.69000000052699e-09,1072,21.3098838771853,18528963
"282",20.16249919935,-4.35416631325,1.96963645393566e-09,1106,21.3098838771853,18528964
"283",20.20416586585,-4.35416631325,3.0230336012238e-09,2298,21.3098838771853,18528965
"284",20.24583253235,-4.35416631325,2.8934190599017e-09,538,21.3098838771853,18528966
"285",20.28749919885,-4.35416631325,3.10266101699597e-09,5119,21.3098838771853,18528967
"286",20.32916586535,-4.35416631325,1.92002591603568e-09,996,21.3098838771853,18528968
"287",20.37083253185,-4.35416631325,1.91616544853446e-09,2999,21.3098838771853,18528969
"289",19.12083253685,-4.39583297975,2.50269716062235e-09,478,21.3087298464155,18537579
"290",19.16249920335,-4.39583297975,2.69000000052699e-09,1204,21.3087298464155,18537580
"291",19.20416586985,-4.39583297975,2.69000000052699e-09,2316,21.3087298464155,18537581
"292",19.24583253635,-4.39583297975,2.6690132326479e-09,823,21.3087298464155,18537582
"293",19.28749920285,-4.39583297975,4.2857628557158e-09,3889,21.3087298464155,18537583
"294",19.32916586935,-4.39583297975,2.69000000052699e-09,3460,21.3087298464155,18537584
"295",19.37083253585,-4.39583297975,2.69000000052699e-09,3092,21.3087298464155,18537585
"296",19.41249920235,-4.39583297975,2.69000000052699e-09,6192,21.3087298464155,18537586
"297",19.45416586885,-4.39583297975,1.73746028675481e-09,892,21.3087298464155,18537587
"298",19.49583253535,-4.39583297975,1.78039172293865e-09,2898,21.3087298464155,18537588
"299",19.53749920185,-4.39583297975,1.78039694098686e-09,882,21.3087298464155,18537589
"300",19.57916586835,-4.39583297975,2.69000000052699e-09,1452,21.3087298464155,18537590
"301",19.62083253485,-4.39583297975,1.8867132300926e-09,3401,21.3087298464155,18537591
"302",19.66249920135,-4.39583297975,1.74544401154719e-09,1650,21.3087298464155,18537592
"303",19.70416586785,-4.39583297975,1.85810111741347e-09,2266,21.3087298464155,18537593
"304",19.74583253435,-4.39583297975,1.76808090390779e-09,2353,21.3087298464155,18537594
"305",19.78749920085,-4.39583297975,2.99578761797648e-09,653,21.3087298464155,18537595
"306",19.82916586735,-4.39583297975,3.02489056025479e-09,981,21.3087298464155,18537596
"307",19.87083253385,-4.39583297975,2.94299473679871e-09,877,21.3087298464155,18537597
"308",19.91249920035,-4.39583297975,2.9743600915566e-09,9,21.3087298464155,18537598
"309",19.95416586685,-4.39583297975,1.9590384869872e-09,443,21.3087298464155,18537599
"310",19.99583253335,-4.39583297975,2.05349515169928e-09,4,21.3087298464155,18537600
"311",20.03749919985,-4.39583297975,4.20008605672706e-09,172,21.3087298464155,18537601
"312",20.07916586635,-4.39583297975,3.00844060774352e-09,391,21.3087298464155,18537602
"313",20.12083253285,-4.39583297975,3.11318038015429e-09,3253,21.3087298464155,18537603
"314",20.16249919935,-4.39583297975,1.96123761675437e-09,1545,21.3087298464155,18537604
"315",20.20416586585,-4.39583297975,2.69000000052699e-09,2300,21.3087298464155,18537605
"316",20.24583253235,-4.39583297975,1.92991267411458e-09,2313,21.3087298464155,18537606
"317",20.28749919885,-4.39583297975,1.86989423944794e-09,35761,21.3087298464155,18537607
"318",20.32916586535,-4.39583297975,2.89894241944921e-09,8961,21.3087298464155,18537608
"319",20.37083253185,-4.39583297975,1.92315074976079e-09,4841,21.3087298464155,18537609
"320",20.41249919835,-4.39583297975,1.99160621328076e-09,1009,21.3087298464155,18537610
"321",19.12083253685,-4.43749964625,2.55513810110131e-09,1903,21.3075648412766,18546219
"322",19.16249920335,-4.43749964625,2.68824362770204e-09,4543,21.3075648412766,18546220
"323",19.20416586985,-4.43749964625,2.69000000052699e-09,1331,21.3075648412766,18546221
"324",19.24583253635,-4.43749964625,4.2857628557158e-09,279,21.3075648412766,18546222
"325",19.28749920285,-4.43749964625,2.69000000052699e-09,3293,21.3075648412766,18546223
"326",19.32916586935,-4.43749964625,4.20656842692324e-09,1049,21.3075648412766,18546224
"327",19.37083253585,-4.43749964625,2.67358002403739e-09,525,21.3075648412766,18546225
"328",19.41249920235,-4.43749964625,2.69000000052699e-09,3682,21.3075648412766,18546226
"329",19.45416586885,-4.43749964625,4.2857628557158e-09,1988,21.3075648412766,18546227
"330",19.49583253535,-4.43749964625,2.69000000052699e-09,16,21.3075648412766,18546228
"331",19.53749920185,-4.43749964625,1.83150339339022e-09,1949,21.3075648412766,18546229
"332",19.57916586835,-4.43749964625,1.742833766194e-09,2856,21.3075648412766,18546230
"333",19.62083253485,-4.43749964625,2.99748537102573e-09,2330,21.3075648412766,18546231
"334",19.66249920135,-4.43749964625,2.69000000052699e-09,1822,21.3075648412766,18546232
"335",19.70416586785,-4.43749964625,1.85606119362802e-09,1528,21.3075648412766,18546233
"336",19.74583253435,-4.43749964625,1.79578873993336e-09,518,21.3075648412766,18546234
"337",19.78749920085,-4.43749964625,2.69000000052699e-09,713,21.3075648412766,18546235
"338",19.82916586735,-4.43749964625,2.97248181624354e-09,757,21.3075648412766,18546236
"339",19.87083253385,-4.43749964625,2.9525026867816e-09,405,21.3075648412766,18546237
"340",19.91249920035,-4.43749964625,2.97598212739558e-09,138,21.3075648412766,18546238
"341",19.95416586685,-4.43749964625,1.9184263067018e-09,1458,21.3075648412766,18546239
"342",19.99583253335,-4.43749964625,2.69000000052699e-09,734,21.3075648412766,18546240
"343",20.03749919985,-4.43749964625,3.15716319754245e-09,505,21.3075648412766,18546241
"344",20.07916586635,-4.43749964625,3.01460501006545e-09,1392,21.3075648412766,18546242
"345",20.12083253285,-4.43749964625,2.98988545033296e-09,36,21.3075648412766,18546243
"346",20.16249919935,-4.43749964625,3.14214076979624e-09,64,21.3075648412766,18546244
"347",20.20416586585,-4.43749964625,1.9375421267398e-09,10,21.3075648412766,18546245
"348",20.24583253235,-4.43749964625,3.09588665814431e-09,1289,21.3075648412766,18546246
"349",20.28749919885,-4.43749964625,1.84961135296646e-09,3697,21.3075648412766,18546247
"350",20.32916586535,-4.43749964625,1.85469828384299e-09,165,21.3075648412766,18546248
"351",20.37083253185,-4.43749964625,3.0740425760456e-09,1282,21.3075648412766,18546249
"352",20.41249919835,-4.43749964625,3.3013383138325e-09,191,21.3075648412766,18546250
"353",19.12083253685,-4.47916631275,2.6175757117386e-09,1049,21.3063888622398,18554859
"354",19.16249920335,-4.47916631275,2.67972999346e-09,3831,21.3063888622398,18554860
"355",19.20416586985,-4.47916631275,2.6388560225854e-09,2510,21.3063888622398,18554861
"356",19.24583253635,-4.47916631275,4.2857628557158e-09,413,21.3063888622398,18554862
"357",19.28749920285,-4.47916631275,2.6424085142196e-09,2363,21.3063888622398,18554863
"358",19.32916586935,-4.47916631275,4.21167500874731e-09,1261,21.3063888622398,18554864
"359",19.37083253585,-4.47916631275,2.69000000052699e-09,2642,21.3063888622398,18554865
"360",19.41249920235,-4.47916631275,2.69000000052699e-09,12850,21.3063888622398,18554866
"361",19.45416586885,-4.47916631275,2.69000000052699e-09,359,21.3063888622398,18554867
"362",19.49583253535,-4.47916631275,1.98041627541556e-09,3258,21.3063888622398,18554868
"363",19.53749920185,-4.47916631275,1.80521086967644e-09,272,21.3063888622398,18554869
"364",19.57916586835,-4.47916631275,2.69000000052699e-09,4085,21.3063888622398,18554870
"365",19.62083253485,-4.47916631275,1.8694323866697e-09,1533,21.3063888622398,18554871
"366",19.66249920135,-4.47916631275,2.69000000052699e-09,5560,21.3063888622398,18554872
"367",19.70416586785,-4.47916631275,1.79649206621946e-09,3401,21.3063888622398,18554873
"368",19.74583253435,-4.47916631275,2.69000000052699e-09,3674,21.3063888622398,18554874
"369",19.78749920085,-4.47916631275,4.2857628557158e-09,756,21.3063888622398,18554875
"370",19.82916586735,-4.47916631275,7.59563023589038e-10,475,21.3063888622398,18554876
"372",19.91249920035,-4.47916631275,1.87737381196484e-09,206,21.3063888622398,18554878
"373",19.95416586685,-4.47916631275,1.89265669803262e-09,2052,21.3063888622398,18554879
"374",19.99583253335,-4.47916631275,1.86797088908008e-09,1829,21.3063888622398,18554880
"375",20.03749919985,-4.47916631275,1.96554794662518e-09,518,21.3063888622398,18554881
"376",20.07916586635,-4.47916631275,2.91035329169631e-09,73,21.3063888622398,18554882
"377",20.12083253285,-4.47916631275,2.9090723163705e-09,809,21.3063888622398,18554883
"378",20.16249919935,-4.47916631275,2.99728020181078e-09,490,21.3063888622398,18554884
"379",20.20416586585,-4.47916631275,1.96784655237536e-09,67,21.3063888622398,18554885
"380",20.24583253235,-4.47916631275,3.16200954308954e-09,11,21.3063888622398,18554886
"381",20.28749919885,-4.47916631275,1.84913284684285e-09,2264,21.3063888622398,18554887
"382",20.32916586535,-4.47916631275,1.94086569038632e-09,1,21.3063888622398,18554888
"385",19.12083253685,-4.52083297925,2.63093702379535e-09,1424,21.3052019097705,18563499
"386",19.16249920335,-4.52083297925,2.50802978385423e-09,2699,21.3052019097705,18563500
"387",19.20416586985,-4.52083297925,2.69000000052699e-09,938,21.3052019097705,18563501
"388",19.24583253635,-4.52083297925,2.67860555958066e-09,168,21.3052019097705,18563502
"389",19.28749920285,-4.52083297925,2.65607225102826e-09,3352,21.3052019097705,18563503
"390",19.32916586935,-4.52083297925,2.65503752316931e-09,3279,21.3052019097705,18563504
"391",19.37083253585,-4.52083297925,2.60313570699111e-09,141,21.3052019097705,18563505
"392",19.41249920235,-4.52083297925,2.67366306871963e-09,1588,21.3052019097705,18563506
"393",19.45416586885,-4.52083297925,2.69000000052699e-09,3050,21.3052019097705,18563507
"394",19.49583253535,-4.52083297925,1.80513526348847e-09,99,21.3052019097705,18563508
"395",19.53749920185,-4.52083297925,2.69000000052699e-09,525,21.3052019097705,18563509
"396",19.57916586835,-4.52083297925,2.69000000052699e-09,1501,21.3052019097705,18563510
"397",19.62083253485,-4.52083297925,4.2857628557158e-09,1832,21.3052019097705,18563511
"398",19.66249920135,-4.52083297925,4.2857628557158e-09,3151,21.3052019097705,18563512
"399",19.70416586785,-4.52083297925,2.69000000052699e-09,5518,21.3052019097705,18563513
"400",19.74583253435,-4.52083297925,4.2857628557158e-09,52,21.3052019097705,18563514
"401",19.78749920085,-4.52083297925,2.99909097556394e-09,4,21.3052019097705,18563515
"402",19.82916586735,-4.52083297925,2.95571966901775e-09,729,21.3052019097705,18563516
"403",19.87083253385,-4.52083297925,1.84990534002338e-09,2127,21.3052019097705,18563517
"404",19.91249920035,-4.52083297925,2.92782353916721e-09,1060,21.3052019097705,18563518
"406",19.99583253335,-4.52083297925,2.69000000052699e-09,343,21.3052019097705,18563520
"407",20.03749919985,-4.52083297925,3.0455129529372e-09,341,21.3052019097705,18563521
"408",20.07916586635,-4.52083297925,2.95030422314824e-09,30,21.3052019097705,18563522
"409",20.12083253285,-4.52083297925,2.89193247127173e-09,37,21.3052019097705,18563523
"411",20.20416586585,-4.52083297925,1.97721350403413e-09,26,21.3052019097705,18563525
"412",20.24583253235,-4.52083297925,2.69000000052699e-09,11,21.3052019097705,18563526
"413",20.28749919885,-4.52083297925,2.60162202891934e-09,1730,21.3052019097705,18563527
"417",19.12083253685,-4.56249964575,2.57668442138481e-09,1627,21.3040039843507,18572139
"418",19.16249920335,-4.56249964575,2.68398769875944e-09,2405,21.3040039843507,18572140
"419",19.20416586985,-4.56249964575,1.75064041041395e-09,7284,21.3040039843507,18572141
"420",19.24583253635,-4.56249964575,4.25237445256244e-09,93,21.3040039843507,18572142
"421",19.28749920285,-4.56249964575,2.69000000052699e-09,13,21.3040039843507,18572143
"422",19.32916586935,-4.56249964575,2.69000000052699e-09,480,21.3040039843507,18572144
"423",19.37083253585,-4.56249964575,2.67187338920394e-09,1248,21.3040039843507,18572145
"424",19.41249920235,-4.56249964575,2.639532370452e-09,652,21.3040039843507,18572146
"425",19.45416586885,-4.56249964575,2.69000000052699e-09,1555,21.3040039843507,18572147
"426",19.49583253535,-4.56249964575,2.03086902850202e-09,163,21.3040039843507,18572148
"427",19.53749920185,-4.56249964575,2.69000000052699e-09,553,21.3040039843507,18572149
"428",19.57916586835,-4.56249964575,2.68060262875736e-09,7116,21.3040039843507,18572150
"429",19.62083253485,-4.56249964575,4.22752410855765e-09,31,21.3040039843507,18572151
"430",19.66249920135,-4.56249964575,4.2287977564115e-09,57,21.3040039843507,18572152
"431",19.70416586785,-4.56249964575,1.81309189883905e-09,2140,21.3040039843507,18572153
"432",19.74583253435,-4.56249964575,2.69000000052699e-09,6370,21.3040039843507,18572154
"433",19.78749920085,-4.56249964575,1.86138182645124e-09,1893,21.3040039843507,18572155
"434",19.82916586735,-4.56249964575,2.93493673808598e-09,109,21.3040039843507,18572156
"435",19.87083253385,-4.56249964575,2.69000000052699e-09,2294,21.3040039843507,18572157
"436",19.91249920035,-4.56249964575,2.97812818850218e-09,42,21.3040039843507,18572158
"437",19.95416586685,-4.56249964575,2.99225733080277e-09,651,21.3040039843507,18572159
"438",19.99583253335,-4.56249964575,1.91154536643978e-09,979,21.3040039843507,18572160
"439",20.03749919985,-4.56249964575,3.0007480944505e-09,54,21.3040039843507,18572161
"440",20.07916586635,-4.56249964575,2.90049961826355e-09,222,21.3040039843507,18572162
"441",20.12083253285,-4.56249964575,2.89326274049984e-09,715,21.3040039843507,18572163
"442",20.16249919935,-4.56249964575,1.85853832324057e-09,48,21.3040039843507,18572164
"443",20.20416586585,-4.56249964575,2.90484192255747e-09,633,21.3040039843507,18572165
"444",20.24583253235,-4.56249964575,1.83087012217698e-09,199,21.3040039843507,18572166
"445",20.28749919885,-4.56249964575,1.70209146777012e-09,438,21.3040039843507,18572167
"449",19.12083253685,-4.60416631225,2.62904431558297e-09,3031,21.3027950864549,18580779
"450",19.16249920335,-4.60416631225,4.19031298548589e-09,2710,21.3027950864549,18580780
"451",19.20416586985,-4.60416631225,2.64151323037254e-09,2663,21.3027950864549,18580781
"452",19.24583253635,-4.60416631225,4.2857628557158e-09,5,21.3027950864549,18580782
"453",19.28749920285,-4.60416631225,2.64191157839377e-09,4218,21.3027950864549,18580783
"454",19.32916586935,-4.60416631225,2.65482280603635e-09,1585,21.3027950864549,18580784
"455",19.37083253585,-4.60416631225,4.19309609256402e-09,363,21.3027950864549,18580785
"456",19.41249920235,-4.60416631225,2.64912358716174e-09,1554,21.3027950864549,18580786
"457",19.45416586885,-4.60416631225,2.64912358716174e-09,8573,21.3027950864549,18580787
"458",19.49583253535,-4.60416631225,2.66188626696362e-09,1282,21.3027950864549,18580788
"459",19.53749920185,-4.60416631225,2.64679389516687e-09,2397,21.3027950864549,18580789
"460",19.57916586835,-4.60416631225,2.69000000052699e-09,324,21.3027950864549,18580790
"461",19.62083253485,-4.60416631225,4.2857628557158e-09,121,21.3027950864549,18580791
"462",19.66249920135,-4.60416631225,2.69000000052699e-09,1731,21.3027950864549,18580792
"463",19.70416586785,-4.60416631225,2.69000000052699e-09,5426,21.3027950864549,18580793
"464",19.74583253435,-4.60416631225,4.23298818219564e-09,63,21.3027950864549,18580794
"465",19.78749920085,-4.60416631225,4.2857628557158e-09,423,21.3027950864549,18580795
"466",19.82916586735,-4.60416631225,1.81769188589698e-09,477,21.3027950864549,18580796
"467",19.87083253385,-4.60416631225,2.64787791692811e-09,6868,21.3027950864549,18580797
"468",19.91249920035,-4.60416631225,4.2857628557158e-09,1462,21.3027950864549,18580798
"469",19.95416586685,-4.60416631225,3.04483394053534e-09,1164,21.3027950864549,18580799
"471",20.03749919985,-4.60416631225,2.94017876711905e-09,633,21.3027950864549,18580801
"472",20.07916586635,-4.60416631225,2.89921398000104e-09,1481,21.3027950864549,18580802
"473",20.12083253285,-4.60416631225,2.71218136838058e-09,6,21.3027950864549,18580803
"474",20.16249919935,-4.60416631225,2.73400080352815e-09,18,21.3027950864549,18580804
"476",20.24583253235,-4.60416631225,2.915307772966e-09,2638,21.3027950864549,18580806
"477",20.28749919885,-4.60416631225,1.86134119228853e-09,2584,21.3027950864549,18580807
"481",19.12083253685,-4.64583297875,2.6639592753952e-09,1608,21.3015752165713,18589419
"482",19.16249920335,-4.64583297875,4.27148849624359e-09,468,21.3015752165713,18589420
"483",19.20416586985,-4.64583297875,2.65364286100578e-09,2266,21.3015752165713,18589421
"484",19.24583253635,-4.64583297875,4.25016910554632e-09,1002,21.3015752165713,18589422
"485",19.28749920285,-4.64583297875,3.07003245048065e-09,20,21.3015752165713,18589423
"486",19.32916586935,-4.64583297875,3.01881009079352e-09,842,21.3015752165713,18589424
"487",19.37083253585,-4.64583297875,2.58768650951424e-09,68,21.3015752165713,18589425
"488",19.41249920235,-4.64583297875,2.63731214644736e-09,46,21.3015752165713,18589426
"489",19.45416586885,-4.64583297875,2.61785837452067e-09,3710,21.3015752165713,18589427
"490",19.49583253535,-4.64583297875,4.18392342993457e-09,84,21.3015752165713,18589428
"491",19.53749920185,-4.64583297875,4.27648005896231e-09,96,21.3015752165713,18589429
"492",19.57916586835,-4.64583297875,2.69000000052699e-09,5276,21.3015752165713,18589430
"493",19.62083253485,-4.64583297875,4.22362012031385e-09,1217,21.3015752165713,18589431
"494",19.66249920135,-4.64583297875,1.78733672306919e-09,9419,21.3015752165713,18589432
"495",19.70416586785,-4.64583297875,4.22367563146508e-09,2063,21.3015752165713,18589433
"496",19.74583253435,-4.64583297875,2.69000000052699e-09,6761,21.3015752165713,18589434
"497",19.78749920085,-4.64583297875,1.71555059047535e-09,4171,21.3015752165713,18589435
"498",19.82916586735,-4.64583297875,2.93428681352736e-09,15,21.3015752165713,18589436
"499",19.87083253385,-4.64583297875,1.86852466832477e-09,1851,21.3015752165713,18589437
"500",19.91249920035,-4.64583297875,2.95039037645495e-09,667,21.3015752165713,18589438
"501",19.95416586685,-4.64583297875,2.9918079125224e-09,2459,21.3015752165713,18589439
"503",20.03749919985,-4.64583297875,2.71554223552073e-09,1,21.3015752165713,18589441
"504",20.07916586635,-4.64583297875,2.68553157489748e-09,966,21.3015752165713,18589442
"508",20.24583253235,-4.64583297875,4.19748058533287e-09,1243,21.3015752165713,18589446
"513",19.12083253685,-4.68749964525,2.5990551932864e-09,3594,21.3003443751864,18598059
"514",19.16249920335,-4.68749964525,4.14798861925192e-09,1582,21.3003443751864,18598060
"515",19.20416586985,-4.68749964525,4.21583390419755e-09,3400,21.3003443751864,18598061
"516",19.24583253635,-4.68749964525,2.62841748366327e-09,2557,21.3003443751864,18598062
"517",19.28749920285,-4.68749964525,3.00975733225073e-09,202,21.3003443751864,18598063
"518",19.32916586935,-4.68749964525,4.15610479365114e-09,4998,21.3003443751864,18598064
"519",19.37083253585,-4.68749964525,2.65548671940508e-09,2309,21.3003443751864,18598065
"520",19.41249920235,-4.68749964525,2.68875832709625e-09,13,21.3003443751864,18598066
"521",19.45416586885,-4.68749964525,1.84881232545564e-09,4314,21.3003443751864,18598067
"522",19.49583253535,-4.68749964525,1.82946513493931e-09,1547,21.3003443751864,18598068
"523",19.53749920185,-4.68749964525,4.2857628557158e-09,111,21.3003443751864,18598069
"524",19.57916586835,-4.68749964525,2.67273891907394e-09,5909,21.3003443751864,18598070
"525",19.62083253485,-4.68749964525,2.65049204806189e-09,5371,21.3003443751864,18598071
"526",19.66249920135,-4.68749964525,2.69000000052699e-09,1482,21.3003443751864,18598072
"527",19.70416586785,-4.68749964525,4.21574730680163e-09,8118,21.3003443751864,18598073
"528",19.74583253435,-4.68749964525,4.23474721955586e-09,1646,21.3003443751864,18598074
"529",19.78749920085,-4.68749964525,2.89598367508859e-09,302,21.3003443751864,18598075
"531",19.87083253385,-4.68749964525,3.00091351768117e-09,488,21.3003443751864,18598077
"532",19.91249920035,-4.68749964525,2.75995981624533e-09,40,21.3003443751864,18598078
"533",19.95416586685,-4.68749964525,2.69253264129077e-09,24,21.3003443751864,18598079
"534",19.99583253335,-4.68749964525,1.76983838695577e-09,2325,21.3003443751864,18598080
"535",20.03749919985,-4.68749964525,2.72707412207751e-09,636,21.3003443751864,18598081
"536",20.07916586635,-4.68749964525,2.68690603100197e-09,10,21.3003443751864,18598082
"540",20.24583253235,-4.68749964525,1.79191028681913e-09,1488,21.3003443751864,18598086
"543",20.37083253185,-4.68749964525,2.88010015836448e-09,6,21.3003443751864,18598089
"545",19.12083253685,-4.72916631175,4.16909262668241e-09,37,21.2991025627947,18606699
"546",19.16249920335,-4.72916631175,4.20600043682384e-09,15,21.2991025627947,18606700
"547",19.20416586985,-4.72916631175,4.20699297620786e-09,3238,21.2991025627947,18606701
"548",19.24583253635,-4.72916631175,2.63852872883774e-09,3214,21.2991025627947,18606702
"549",19.28749920285,-4.72916631175,2.65476240990381e-09,2797,21.2991025627947,18606703
"550",19.32916586935,-4.72916631175,3.02300162680069e-09,1142,21.2991025627947,18606704
"551",19.37083253585,-4.72916631175,2.69000000052699e-09,4371,21.2991025627947,18606705
"552",19.41249920235,-4.72916631175,2.69000000052699e-09,130,21.2991025627947,18606706
"553",19.45416586885,-4.72916631175,2.08770378762324e-09,3,21.2991025627947,18606707
"554",19.49583253535,-4.72916631175,1.87262561013313e-09,3620,21.2991025627947,18606708
"555",19.53749920185,-4.72916631175,4.214537607794e-09,64,21.2991025627947,18606709
"556",19.57916586835,-4.72916631175,2.69000000052699e-09,5664,21.2991025627947,18606710
"557",19.62083253485,-4.72916631175,2.69000000052699e-09,5155,21.2991025627947,18606711
"558",19.66249920135,-4.72916631175,2.61741894824752e-09,4216,21.2991025627947,18606712
"559",19.70416586785,-4.72916631175,2.77353517930123e-09,3705,21.2991025627947,18606713
"560",19.74583253435,-4.72916631175,4.16386569668248e-09,972,21.2991025627947,18606714
"561",19.78749920085,-4.72916631175,2.92100255094851e-09,107,21.2991025627947,18606715
"562",19.82916586735,-4.72916631175,2.95913737957676e-09,1003,21.2991025627947,18606716
"563",19.87083253385,-4.72916631175,2.76437939206176e-09,1273,21.2991025627947,18606717
"564",19.91249920035,-4.72916631175,1.76539949325871e-09,1037,21.2991025627947,18606718
"566",19.99583253335,-4.72916631175,1.73508929446342e-09,1544,21.2991025627947,18606720
"567",20.03749919985,-4.72916631175,2.77704459428207e-09,364,21.2991025627947,18606721
"568",20.07916586635,-4.72916631175,2.7265143476285e-09,680,21.2991025627947,18606722
"572",20.24583253235,-4.72916631175,2.79860223884043e-09,1851,21.2991025627947,18606726
"577",19.12083253685,-4.77083297825,2.57138221826381e-09,3448,21.2978497798948,18615339
"578",19.16249920335,-4.77083297825,4.09056699623989e-09,1,21.2978497798948,18615340
"580",19.24583253635,-4.77083297825,2.64750643630407e-09,5419,21.2978497798948,18615342
"581",19.28749920285,-4.77083297825,4.0936511958023e-09,541,21.2978497798948,18615343
"582",19.32916586935,-4.77083297825,4.2051375714891e-09,3440,21.2978497798948,18615344
"583",19.37083253585,-4.77083297825,4.18913614907979e-09,30,21.2978497798948,18615345
"584",19.41249920235,-4.77083297825,2.69000000052699e-09,4485,21.2978497798948,18615346
"585",19.45416586885,-4.77083297825,2.08770378762324e-09,39,21.2978497798948,18615347
"586",19.49583253535,-4.77083297825,2.69000000052699e-09,2316,21.2978497798948,18615348
"587",19.53749920185,-4.77083297825,2.69000000052699e-09,238,21.2978497798948,18615349
"588",19.57916586835,-4.77083297825,2.69000000052699e-09,3432,21.2978497798948,18615350
"589",19.62083253485,-4.77083297825,2.6521695950521e-09,6103,21.2978497798948,18615351
"590",19.66249920135,-4.77083297825,4.2857628557158e-09,3731,21.2978497798948,18615352
"591",19.70416586785,-4.77083297825,4.16287093685241e-09,22,21.2978497798948,18615353
"592",19.74583253435,-4.77083297825,1.85882687020467e-09,1108,21.2978497798948,18615354
"593",19.78749920085,-4.77083297825,1.83270387754675e-09,1539,21.2978497798948,18615355
"594",19.82916586735,-4.77083297825,1.6925464363382e-09,1024,21.2978497798948,18615356
"595",19.87083253385,-4.77083297825,1.61013358201956e-09,5372,21.2978497798948,18615357
"596",19.91249920035,-4.77083297825,2.50577492089121e-09,2077,21.2978497798948,18615358
"597",19.95416586685,-4.77083297825,2.8139930385862e-09,8,21.2978497798948,18615359
"598",19.99583253335,-4.77083297825,2.78606204773268e-09,336,21.2978497798948,18615360
"599",20.03749919985,-4.77083297825,2.78580913892768e-09,1058,21.2978497798948,18615361
"600",20.07916586635,-4.77083297825,2.7025386373225e-09,746,21.2978497798948,18615362
"604",20.24583253235,-4.77083297825,2.39604580620778e-09,24,21.2978497798948,18615366
"605",20.28749919885,-4.77083297825,2.54769338958738e-09,3746,21.2978497798948,18615367
"609",19.12083253685,-4.81249964475,4.16128731473009e-09,4589,21.2965860269856,18623979
"610",19.16249920335,-4.81249964475,2.57518917301525e-09,737,21.2965860269856,18623980
"611",19.20416586985,-4.81249964475,2.5658499769321e-09,1862,21.2965860269856,18623981
"612",19.24583253635,-4.81249964475,2.60312593702849e-09,1918,21.2965860269856,18623982
"613",19.28749920285,-4.81249964475,4.08081746172684e-09,801,21.2965860269856,18623983
"614",19.32916586935,-4.81249964475,2.62793120597848e-09,23,21.2965860269856,18623984
"615",19.37083253585,-4.81249964475,2.69000000052699e-09,3,21.2965860269856,18623985
"616",19.41249920235,-4.81249964475,2.69000000052699e-09,38,21.2965860269856,18623986
"617",19.45416586885,-4.81249964475,2.69000000052699e-09,119,21.2965860269856,18623987
"618",19.49583253535,-4.81249964475,2.69000000052699e-09,3506,21.2965860269856,18623988
"619",19.53749920185,-4.81249964475,2.62509058934768e-09,2639,21.2965860269856,18623989
"620",19.57916586835,-4.81249964475,2.69000000052699e-09,2618,21.2965860269856,18623990
"621",19.62083253485,-4.81249964475,2.68920330448452e-09,2204,21.2965860269856,18623991
"622",19.66249920135,-4.81249964475,2.69000000052699e-09,3641,21.2965860269856,18623992
"623",19.70416586785,-4.81249964475,2.68668332026323e-09,3579,21.2965860269856,18623993
"624",19.74583253435,-4.81249964475,1.8675208046659e-09,2460,21.2965860269856,18623994
"625",19.78749920085,-4.81249964475,2.68146038706618e-09,1200,21.2965860269856,18623995
"626",19.82916586735,-4.81249964475,1.69447766928954e-09,2749,21.2965860269856,18623996
"627",19.87083253385,-4.81249964475,2.74463629601485e-09,31,21.2965860269856,18623997
"628",19.91249920035,-4.81249964475,2.44528552961754e-09,2113,21.2965860269856,18623998
"629",19.95416586685,-4.81249964475,2.8139930385862e-09,21,21.2965860269856,18623999
"630",19.99583253335,-4.81249964475,1.74853986845136e-09,3899,21.2965860269856,18624000
"631",20.03749919985,-4.81249964475,2.66009636540332e-09,80,21.2965860269856,18624001
"632",20.07916586635,-4.81249964475,2.67082045368738e-09,1197,21.2965860269856,18624002
"637",20.28749919885,-4.81249964475,1.69331992871946e-09,435,21.2965860269856,18624007
"641",19.12083253685,-4.85416631125,2.56006615906301e-09,1824,21.2953113045778,18632619
"642",19.16249920335,-4.85416631125,4.07711642225195e-09,64,21.2953113045778,18632620
"643",19.20416586985,-4.85416631125,2.69000000052699e-09,3874,21.2953113045778,18632621
"644",19.24583253635,-4.85416631125,2.69000000052699e-09,51,21.2953113045778,18632622
"645",19.28749920285,-4.85416631125,3.01852343120856e-09,3,21.2953113045778,18632623
"646",19.32916586935,-4.85416631125,2.65703059554312e-09,5059,21.2953113045778,18632624
"647",19.37083253585,-4.85416631125,2.69000000052699e-09,1802,21.2953113045778,18632625
"648",19.41249920235,-4.85416631125,2.10209982753895e-09,5,21.2953113045778,18632626
"649",19.45416586885,-4.85416631125,2.09710293574972e-09,3438,21.2953113045778,18632627
"650",19.49583253535,-4.85416631125,2.69000000052699e-09,4749,21.2953113045778,18632628
"651",19.53749920185,-4.85416631125,2.69000000052699e-09,135,21.2953113045778,18632629
"652",19.57916586835,-4.85416631125,2.69000000052699e-09,3002,21.2953113045778,18632630
"653",19.62083253485,-4.85416631125,2.69000000052699e-09,3336,21.2953113045778,18632631
"654",19.66249920135,-4.85416631125,2.63018895552136e-09,345,21.2953113045778,18632632
"655",19.70416586785,-4.85416631125,4.14052570008039e-09,1814,21.2953113045778,18632633
"656",19.74583253435,-4.85416631125,2.72427569392164e-09,1981,21.2953113045778,18632634
"657",19.78749920085,-4.85416631125,2.72427569392164e-09,2419,21.2953113045778,18632635
"658",19.82916586735,-4.85416631125,2.68034439088183e-09,310,21.2953113045778,18632636
"659",19.87083253385,-4.85416631125,2.79648748602312e-09,551,21.2953113045778,18632637
"660",19.91249920035,-4.85416631125,2.5413644522132e-09,4848,21.2953113045778,18632638
"661",19.95416586685,-4.85416631125,2.54815635258865e-09,7301,21.2953113045778,18632639
"662",19.99583253335,-4.85416631125,2.40270936480158e-09,2289,21.2953113045778,18632640
"663",20.03749919985,-4.85416631125,1.67916747173535e-09,204,21.2953113045778,18632641
"664",20.07916586635,-4.85416631125,2.68056976615583e-09,120,21.2953113045778,18632642
"665",20.12083253285,-4.85416631125,2.57896171085292e-09,570,21.2953113045778,18632643
"668",20.24583253235,-4.85416631125,2.36135089259903e-09,629,21.2953113045778,18632646
"669",20.28749919885,-4.85416631125,1.53300949712332e-09,1506,21.2953113045778,18632647
"671",20.37083253185,-4.85416631125,2.6462181335063e-09,1,21.2953113045778,18632649
"673",19.12083253685,-4.89583297775,2.56652143981739e-09,208,21.2940256131778,18641259
"674",19.16249920335,-4.89583297775,4.1258059191307e-09,550,21.2940256131778,18641260
"675",19.20416586985,-4.89583297775,2.69000000052699e-09,3684,21.2940256131778,18641261
"676",19.24583253635,-4.89583297775,2.69000000052699e-09,40,21.2940256131778,18641262
"677",19.28749920285,-4.89583297775,4.14704492968099e-09,647,21.2940256131778,18641263
"678",19.32916586935,-4.89583297775,2.54884646722076e-09,1062,21.2940256131778,18641264
"679",19.37083253585,-4.89583297775,4.23917301262122e-09,686,21.2940256131778,18641265
"680",19.41249920235,-4.89583297775,2.69000000052699e-09,17,21.2940256131778,18641266
"681",19.45416586885,-4.89583297775,2.10752992835239e-09,492,21.2940256131778,18641267
"682",19.49583253535,-4.89583297775,2.69000000052699e-09,33,21.2940256131778,18641268
"683",19.53749920185,-4.89583297775,2.69000000052699e-09,45,21.2940256131778,18641269
"684",19.57916586835,-4.89583297775,2.69000000052699e-09,1828,21.2940256131778,18641270
"685",19.62083253485,-4.89583297775,2.69000000052699e-09,2325,21.2940256131778,18641271
"686",19.66249920135,-4.89583297775,2.69000000052699e-09,8345,21.2940256131778,18641272
"687",19.70416586785,-4.89583297775,3.86711418443042e-09,1761,21.2940256131778,18641273
"688",19.74583253435,-4.89583297775,2.39641728683182e-09,2706,21.2940256131778,18641274
"689",19.78749920085,-4.89583297775,1.71994185560465e-09,3501,21.2940256131778,18641275
"690",19.82916586735,-4.89583297775,2.72754108188167e-09,1054,21.2940256131778,18641276
"691",19.87083253385,-4.89583297775,1.71994185560465e-09,1239,21.2940256131778,18641277
"692",19.91249920035,-4.89583297775,2.4578761248506e-09,10009,21.2940256131778,18641278
"693",19.95416586685,-4.89583297775,2.36490582672388e-09,2558,21.2940256131778,18641279
"694",19.99583253335,-4.89583297775,2.68056976615583e-09,337,21.2940256131778,18641280
"695",20.03749919985,-4.89583297775,1.70119285325399e-09,2731,21.2940256131778,18641281
"696",20.07916586635,-4.89583297775,2.71316369371277e-09,16,21.2940256131778,18641282
"697",20.12083253285,-4.89583297775,2.62098054371052e-09,402,21.2940256131778,18641283
"701",20.28749919885,-4.89583297775,2.40848962995699e-09,1153,21.2940256131778,18641287
"703",20.37083253185,-4.89583297775,2.63840749248345e-09,4,21.2940256131778,18641289
"705",19.12083253685,-4.93749964425,2.57674392933893e-09,73,21.2927289533057,18649899
"706",19.16249920335,-4.93749964425,4.05589473118084e-09,2715,21.2927289533057,18649900
"707",19.20416586985,-4.93749964425,2.69000000052699e-09,1644,21.2927289533057,18649901
"708",19.24583253635,-4.93749964425,2.02371874813423e-09,2596,21.2927289533057,18649902
"709",19.28749920285,-4.93749964425,4.11243350484369e-09,1042,21.2927289533057,18649903
"710",19.32916586935,-4.93749964425,2.59868504492999e-09,23,21.2927289533057,18649904
"711",19.37083253585,-4.93749964425,2.60000532215088e-09,549,21.2927289533057,18649905
"712",19.41249920235,-4.93749964425,2.65667288168459e-09,58,21.2927289533057,18649906
"713",19.45416586885,-4.93749964425,2.03411953947352e-09,1239,21.2927289533057,18649907
"714",19.49583253535,-4.93749964425,2.09484407598381e-09,2045,21.2927289533057,18649908
"715",19.53749920185,-4.93749964425,2.69000000052699e-09,1308,21.2927289533057,18649909
"716",19.57916586835,-4.93749964425,2.69000000052699e-09,77496,21.2927289533057,18649910
"717",19.62083253485,-4.93749964425,2.69000000052699e-09,23039,21.2927289533057,18649911
"718",19.66249920135,-4.93749964425,2.45008902055588e-09,3210,21.2927289533057,18649912
"719",19.70416586785,-4.93749964425,2.3872281929016e-09,5980,21.2927289533057,18649913
"720",19.74583253435,-4.93749964425,2.47728393354407e-09,5830,21.2927289533057,18649914
"721",19.78749920085,-4.93749964425,3.98615140895231e-09,4777,21.2927289533057,18649915
"722",19.82916586735,-4.93749964425,1.73076641907244e-09,4368,21.2927289533057,18649916
"723",19.87083253385,-4.93749964425,2.60799692952673e-09,125,21.2927289533057,18649917
"724",19.91249920035,-4.93749964425,2.48836617977588e-09,12675,21.2927289533057,18649918
"725",19.95416586685,-4.93749964425,3.75735664803756e-09,333,21.2927289533057,18649919
"726",19.99583253335,-4.93749964425,2.63627897290064e-09,77,21.2927289533057,18649920
"727",20.03749919985,-4.93749964425,2.36433628231225e-09,3877,21.2927289533057,18649921
"728",20.07916586635,-4.93749964425,2.70868638629906e-09,5,21.2927289533057,18649922
"729",20.12083253285,-4.93749964425,2.66977040475069e-09,261,21.2927289533057,18649923
"732",20.24583253235,-4.93749964425,2.3583286434814e-09,726,21.2927289533057,18649926
"733",20.28749919885,-4.93749964425,3.85636100830311e-09,1447,21.2927289533057,18649927
"737",19.12083253685,-4.97916631075,2.6105424488776e-09,4640,21.291421325479,18658539
"738",19.16249920335,-4.97916631075,2.64201438504585e-09,2679,21.291421325479,18658540
"739",19.20416586985,-4.97916631075,2.69000000052699e-09,1525,21.291421325479,18658541
"740",19.24583253635,-4.97916631075,2.02801486715032e-09,3,21.291421325479,18658542
"741",19.28749920285,-4.97916631075,2.69000000052699e-09,9,21.291421325479,18658543
"742",19.32916586935,-4.97916631075,2.58044652312606e-09,15,21.291421325479,18658544
"743",19.37083253585,-4.97916631075,2.02371874813423e-09,3284,21.291421325479,18658545
"744",19.41249920235,-4.97916631075,1.93892257804862e-09,34,21.291421325479,18658546
"745",19.45416586885,-4.97916631075,2.03300087875391e-09,3642,21.291421325479,18658547
"746",19.49583253535,-4.97916631075,2.02416972072683e-09,1104,21.291421325479,18658548
"747",19.53749920185,-4.97916631075,2.69000000052699e-09,766,21.291421325479,18658549
"748",19.57916586835,-4.97916631075,2.08884354258032e-09,115622,21.291421325479,18658550
"749",19.62083253485,-4.97916631075,2.69000000052699e-09,11150,21.291421325479,18658551
"750",19.66249920135,-4.97916631075,2.46067366482805e-09,1147,21.291421325479,18658552
"751",19.70416586785,-4.97916631075,2.41076802964812e-09,6236,21.291421325479,18658553
"752",19.74583253435,-4.97916631075,1.75755376918829e-09,4153,21.291421325479,18658554
"753",19.78749920085,-4.97916631075,1.73300052086489e-09,3641,21.291421325479,18658555
"754",19.82916586735,-4.97916631075,2.78078027271533e-09,963,21.291421325479,18658556
"755",19.87083253385,-4.97916631075,2.63893951135685e-09,2226,21.291421325479,18658557
"756",19.91249920035,-4.97916631075,2.36122899011093e-09,4195,21.291421325479,18658558
"758",19.99583253335,-4.97916631075,2.69321120960342e-09,29,21.291421325479,18658560
"759",20.03749919985,-4.97916631075,2.35809127779874e-09,3240,21.291421325479,18658561
"761",20.12083253285,-4.97916631075,2.6377289241708e-09,214,21.291421325479,18658563
"763",20.20416586585,-4.97916631075,2.68670685699135e-09,6,21.291421325479,18658565
"765",20.28749919885,-4.97916631075,2.69000000052699e-09,51,21.291421325479,18658567
"766",20.32916586535,-4.97916631075,2.34172703450497e-09,15,21.291421325479,18658568
"769",19.12083253685,-5.02083297725,2.63356070284715e-09,657,21.2901027302208,18667179
"770",19.16249920335,-5.02083297725,2.03080197103134e-09,3387,21.2901027302208,18667180
"771",19.20416586985,-5.02083297725,2.69000000052699e-09,1,21.2901027302208,18667181
"772",19.24583253635,-5.02083297725,2.69000000052699e-09,2282,21.2901027302208,18667182
"773",19.28749920285,-5.02083297725,2.69000000052699e-09,1289,21.2901027302208,18667183
"774",19.32916586935,-5.02083297725,2.68031485894937e-09,2100,21.2901027302208,18667184
"775",19.37083253585,-5.02083297725,2.69000000052699e-09,358,21.2901027302208,18667185
"776",19.41249920235,-5.02083297725,2.02371874813423e-09,340,21.2901027302208,18667186
"777",19.45416586885,-5.02083297725,2.69000000052699e-09,948,21.2901027302208,18667187
"778",19.49583253535,-5.02083297725,2.01911731778637e-09,27,21.2901027302208,18667188
"779",19.53749920185,-5.02083297725,2.69000000052699e-09,483,21.2901027302208,18667189
"780",19.57916586835,-5.02083297725,1.91762161705356e-09,4127,21.2901027302208,18667190
"781",19.62083253485,-5.02083297725,2.4679616128509e-09,144,21.2901027302208,18667191
"782",19.66249920135,-5.02083297725,2.46517850577277e-09,3806,21.2901027302208,18667192
"783",19.70416586785,-5.02083297725,3.80263776023071e-09,2051,21.2901027302208,18667193
"784",19.74583253435,-5.02083297725,2.76292744239015e-09,2946,21.2901027302208,18667194
"785",19.78749920085,-5.02083297725,2.71535394169575e-09,402,21.2901027302208,18667195
"786",19.82916586735,-5.02083297725,2.60523380646305e-09,1197,21.2901027302208,18667196
"787",19.87083253385,-5.02083297725,2.65262389831378e-09,267,21.2901027302208,18667197
"788",19.91249920035,-5.02083297725,3.74748587717022e-09,6926,21.2901027302208,18667198
"789",19.95416586685,-5.02083297725,2.63359134500263e-09,1429,21.2901027302208,18667199
"790",19.99583253335,-5.02083297725,2.35830932560077e-09,3567,21.2901027302208,18667200
"791",20.03749919985,-5.02083297725,2.34515362684817e-09,7456,21.2901027302208,18667201
"793",20.12083253285,-5.02083297725,2.67536304221494e-09,235,21.2901027302208,18667203
"794",20.16249919935,-5.02083297725,2.6322284352176e-09,1347,21.2901027302208,18667204
"795",20.20416586585,-5.02083297725,2.33233521385046e-09,624,21.2901027302208,18667205
"796",20.24583253235,-5.02083297725,2.69000000052699e-09,1133,21.2901027302208,18667206
"797",20.28749919885,-5.02083297725,3.71981112579078e-09,519,21.2901027302208,18667207
"798",20.32916586535,-5.02083297725,2.34100783202962e-09,166,21.2901027302208,18667208
"801",19.12083253685,-5.06249964375,2.69000000052699e-09,1469,21.2887731680627,18675819
"802",19.16249920335,-5.06249964375,2.69000000052699e-09,363,21.2887731680627,18675820
"803",19.20416586985,-5.06249964375,2.69000000052699e-09,1,21.2887731680627,18675821
"804",19.24583253635,-5.06249964375,2.69000000052699e-09,20,21.2887731680627,18675822
"805",19.28749920285,-5.06249964375,2.69000000052699e-09,487,21.2887731680627,18675823
"806",19.32916586935,-5.06249964375,2.69000000052699e-09,1061,21.2887731680627,18675824
"807",19.37083253585,-5.06249964375,2.66287036865265e-09,118,21.2887731680627,18675825
"808",19.41249920235,-5.06249964375,1.95535720948214e-09,4139,21.2887731680627,18675826
"809",19.45416586885,-5.06249964375,2.69000000052699e-09,130,21.2887731680627,18675827
"810",19.49583253535,-5.06249964375,2.01677785582888e-09,1763,21.2887731680627,18675828
"811",19.53749920185,-5.06249964375,1.96257698981128e-09,1992,21.2887731680627,18675829
"812",19.57916586835,-5.06249964375,2.69000000052699e-09,4224,21.2887731680627,18675830
"813",19.62083253485,-5.06249964375,2.54305554392431e-09,7858,21.2887731680627,18675831
"814",19.66249920135,-5.06249964375,2.46056108821335e-09,744,21.2887731680627,18675832
"815",19.70416586785,-5.06249964375,3.85404419489532e-09,7448,21.2887731680627,18675833
"816",19.74583253435,-5.06249964375,2.42097031311062e-09,5723,21.2887731680627,18675834
"817",19.78749920085,-5.06249964375,2.33016228534666e-09,2914,21.2887731680627,18675835
"818",19.82916586735,-5.06249964375,2.34060060222419e-09,12166,21.2887731680627,18675836
"819",19.87083253385,-5.06249964375,2.35418307070745e-09,8477,21.2887731680627,18675837
"820",19.91249920035,-5.06249964375,2.67657429553481e-09,33,21.2887731680627,18675838
"821",19.95416586685,-5.06249964375,1.7047193656694e-09,1176,21.2887731680627,18675839
"822",19.99583253335,-5.06249964375,2.34792008058093e-09,2199,21.2887731680627,18675840
"823",20.03749919985,-5.06249964375,2.69000000052699e-09,4607,21.2887731680627,18675841
"824",20.07916586635,-5.06249964375,2.29170593613048e-09,9,21.2887731680627,18675842
"826",20.16249919935,-5.06249964375,2.63241117792745e-09,115,21.2887731680627,18675844
"827",20.20416586585,-5.06249964375,2.65177457769994e-09,7,21.2887731680627,18675845
"828",20.24583253235,-5.06249964375,2.63241117792745e-09,1632,21.2887731680627,18675846
"829",20.28749919885,-5.06249964375,2.69000000052699e-09,178,21.2887731680627,18675847
"830",20.32916586535,-5.06249964375,1.58546376027857e-09,1054,21.2887731680627,18675848
"831",20.37083253185,-5.06249964375,3.73065889291979e-09,7,21.2887731680627,18675849
"833",19.12083253685,-5.10416631025,2.69000000052699e-09,12,21.287432639534,18684459
"835",19.20416586985,-5.10416631025,2.69000000052699e-09,3,21.287432639534,18684461
"836",19.24583253635,-5.10416631025,2.69000000052699e-09,4009,21.287432639534,18684462
"837",19.28749920285,-5.10416631025,2.69000000052699e-09,130,21.287432639534,18684463
"838",19.32916586935,-5.10416631025,2.69000000052699e-09,3059,21.287432639534,18684464
"839",19.37083253585,-5.10416631025,1.95438798478165e-09,16,21.287432639534,18684465
"840",19.41249920235,-5.10416631025,1.94240601381068e-09,44,21.287432639534,18684466
"841",19.45416586885,-5.10416631025,2.69000000052699e-09,101,21.287432639534,18684467
"842",19.49583253535,-5.10416631025,1.92830973411162e-09,1717,21.287432639534,18684468
"843",19.53749920185,-5.10416631025,1.91174875929789e-09,322,21.287432639534,18684469
"844",19.57916586835,-5.10416631025,2.69000000052699e-09,5057,21.287432639534,18684470
"845",19.62083253485,-5.10416631025,2.47693554555894e-09,2901,21.287432639534,18684471
"846",19.66249920135,-5.10416631025,2.48509346434389e-09,521,21.287432639534,18684472
"847",19.70416586785,-5.10416631025,2.38451081102653e-09,963,21.287432639534,18684473
"848",19.74583253435,-5.10416631025,3.69998853777531e-09,2241,21.287432639534,18684474
"849",19.78749920085,-5.10416631025,2.30123120559256e-09,2705,21.287432639534,18684475
"850",19.82916586735,-5.10416631025,3.67482644314521e-09,3974,21.287432639534,18684476
"851",19.87083253385,-5.10416631025,2.37135733271998e-09,3254,21.287432639534,18684477
"852",19.91249920035,-5.10416631025,2.68057398500332e-09,530,21.287432639534,18684478
"853",19.95416586685,-5.10416631025,2.31728258803798e-09,6060,21.287432639534,18684479
"854",19.99583253335,-5.10416631025,2.31175989462429e-09,712,21.287432639534,18684480
"855",20.03749919985,-5.10416631025,2.31499064362595e-09,5353,21.287432639534,18684481
"856",20.07916586635,-5.10416631025,2.69000000052699e-09,1845,21.287432639534,18684482
"857",20.12083253285,-5.10416631025,2.67277977528124e-09,3,21.287432639534,18684483
"858",20.16249919935,-5.10416631025,2.65747712724362e-09,259,21.287432639534,18684484
"859",20.20416586585,-5.10416631025,2.69010014264381e-09,3,21.287432639534,18684485
"861",20.28749919885,-5.10416631025,2.6569664246523e-09,6,21.287432639534,18684487
"862",20.32916586535,-5.10416631025,2.69000000052699e-09,861,21.287432639534,18684488
"863",20.37083253185,-5.10416631025,4.2857628557158e-09,45,21.287432639534,18684489
"865",19.12083253685,-5.14583297675,2.69000000052699e-09,1549,21.2860811451769,18693099
"866",19.16249920335,-5.14583297675,2.69000000052699e-09,740,21.2860811451769,18693100
"867",19.20416586985,-5.14583297675,2.69000000052699e-09,37,21.2860811451769,18693101
"868",19.24583253635,-5.14583297675,2.69000000052699e-09,3114,21.2860811451769,18693102
"869",19.28749920285,-5.14583297675,2.69000000052699e-09,6,21.2860811451769,18693103
"870",19.32916586935,-5.14583297675,1.9437231824071e-09,1454,21.2860811451769,18693104
"871",19.37083253585,-5.14583297675,2.69000000052699e-09,1988,21.2860811451769,18693105
"872",19.41249920235,-5.14583297675,2.69000000052699e-09,41,21.2860811451769,18693106
"873",19.45416586885,-5.14583297675,2.69000000052699e-09,348,21.2860811451769,18693107
"874",19.49583253535,-5.14583297675,1.92830973411162e-09,5580,21.2860811451769,18693108
"875",19.53749920185,-5.14583297675,1.92830973411162e-09,9,21.2860811451769,18693109
"876",19.57916586835,-5.14583297675,1.93054638941703e-09,1,21.2860811451769,18693110
"877",19.62083253485,-5.14583297675,2.44905185020627e-09,534,21.2860811451769,18693111
"878",19.66249920135,-5.14583297675,2.40224351522045e-09,2038,21.2860811451769,18693112
"879",19.70416586785,-5.14583297675,3.79565490149503e-09,1801,21.2860811451769,18693113
"880",19.74583253435,-5.14583297675,3.75263908836132e-09,4428,21.2860811451769,18693114
"882",19.82916586735,-5.14583297675,2.34683272815062e-09,6031,21.2860811451769,18693116
"883",19.87083253385,-5.14583297675,2.38590214252099e-09,1826,21.2860811451769,18693117
"884",19.91249920035,-5.14583297675,2.63882693474216e-09,10,21.2860811451769,18693118
"885",19.95416586685,-5.14583297675,3.70700092844345e-09,2089,21.2860811451769,18693119
"886",19.99583253335,-5.14583297675,2.23300555823869e-09,1347,21.2860811451769,18693120
"887",20.03749919985,-5.14583297675,2.69000000052699e-09,6921,21.2860811451769,18693121
"888",20.07916586635,-5.14583297675,3.6363416722196e-09,15,21.2860811451769,18693122
"889",20.12083253285,-5.14583297675,2.6589503931973e-09,3,21.2860811451769,18693123
"892",20.24583253235,-5.14583297675,2.78174439038992e-09,2,21.2860811451769,18693126
"893",20.28749919885,-5.14583297675,2.77414180516189e-09,5,21.2860811451769,18693127
"894",20.32916586535,-5.14583297675,2.69000000052699e-09,618,21.2860811451769,18693128
"895",20.37083253185,-5.14583297675,4.2857628557158e-09,157,21.2860811451769,18693129
"897",19.12083253685,-5.18749964325,2.69000000052699e-09,197,21.2847186855288,18701739
"898",19.16249920335,-5.18749964325,2.69000000052699e-09,85,21.2847186855288,18701740
"899",19.20416586985,-5.18749964325,2.69000000052699e-09,11,21.2847186855288,18701741
"900",19.24583253635,-5.18749964325,2.69000000052699e-09,8,21.2847186855288,18701742
"901",19.28749920285,-5.18749964325,2.69000000052699e-09,195,21.2847186855288,18701743
"902",19.32916586935,-5.18749964325,1.94378468876266e-09,447,21.2847186855288,18701744
"903",19.37083253585,-5.18749964325,1.935287707866e-09,1107,21.2847186855288,18701745
"905",19.45416586885,-5.18749964325,2.02204586408072e-09,134,21.2847186855288,18701747
"906",19.49583253535,-5.18749964325,2.69000000052699e-09,154,21.2847186855288,18701748
"907",19.53749920185,-5.18749964325,2.69000000052699e-09,20,21.2847186855288,18701749
"908",19.57916586835,-5.18749964325,1.83897930217114e-09,1607,21.2847186855288,18701750
"909",19.62083253485,-5.18749964325,1.72756919880612e-09,2951,21.2847186855288,18701751
"910",19.66249920135,-5.18749964325,2.4546029653294e-09,1788,21.2847186855288,18701752
"911",19.70416586785,-5.18749964325,2.69000000052699e-09,3809,21.2847186855288,18701753
"912",19.74583253435,-5.18749964325,2.33070274191505e-09,180,21.2847186855288,18701754
"913",19.78749920085,-5.18749964325,2.36475838910621e-09,4168,21.2847186855288,18701755
"914",19.82916586735,-5.18749964325,2.69000000052699e-09,2563,21.2847186855288,18701756
"915",19.87083253385,-5.18749964325,3.58925755783446e-09,5445,21.2847186855288,18701757
"916",19.91249920035,-5.18749964325,3.57078677737377e-09,4569,21.2847186855288,18701758
"917",19.95416586685,-5.18749964325,2.69000000052699e-09,2312,21.2847186855288,18701759
"918",19.99583253335,-5.18749964325,2.30721974858739e-09,671,21.2847186855288,18701760
"919",20.03749919985,-5.18749964325,2.69000000052699e-09,6601,21.2847186855288,18701761
"920",20.07916586635,-5.18749964325,2.69000000052699e-09,5106,21.2847186855288,18701762
"921",20.12083253285,-5.18749964325,2.39696529291678e-09,1106,21.2847186855288,18701763
"925",20.28749919885,-5.18749964325,2.77223577427321e-09,3,21.2847186855288,18701767
"926",20.32916586535,-5.18749964325,2.34787544961534e-09,1415,21.2847186855288,18701768
"927",20.37083253185,-5.18749964325,4.2857628557158e-09,276,21.2847186855288,18701769
"928",20.41249919835,-5.18749964325,4.2857628557158e-09,5,21.2847186855288,18701770
"929",19.12083253685,-5.22916630975,2.69000000052699e-09,3630,21.2833452611394,18710379
"930",19.16249920335,-5.22916630975,2.69000000052699e-09,138,21.2833452611394,18710380
"931",19.20416586985,-5.22916630975,2.69000000052699e-09,1103,21.2833452611394,18710381
"932",19.24583253635,-5.22916630975,4.2857628557158e-09,263,21.2833452611394,18710382
"933",19.28749920285,-5.22916630975,2.69000000052699e-09,1664,21.2833452611394,18710383
"935",19.37083253585,-5.22916630975,1.94083815685531e-09,1577,21.2833452611394,18710385
"936",19.41249920235,-5.22916630975,2.69000000052699e-09,1588,21.2833452611394,18710386
"938",19.49583253535,-5.22916630975,2.69000000052699e-09,1,21.2833452611394,18710388
"939",19.53749920185,-5.22916630975,2.02079708522263e-09,12,21.2833452611394,18710389
"940",19.57916586835,-5.22916630975,2.69000000052699e-09,1536,21.2833452611394,18710390
"941",19.62083253485,-5.22916630975,2.69000000052699e-09,874,21.2833452611394,18710391
"942",19.66249920135,-5.22916630975,2.40901210091238e-09,1455,21.2833452611394,18710392
"943",19.70416586785,-5.22916630975,1.76140357854848e-09,4790,21.2833452611394,18710393
"944",19.74583253435,-5.22916630975,2.26048735285644e-09,1486,21.2833452611394,18710394
"945",19.78749920085,-5.22916630975,2.47448062040689e-09,2741,21.2833452611394,18710395
"946",19.82916586735,-5.22916630975,2.32003327660379e-09,468,21.2833452611394,18710396
"947",19.87083253385,-5.22916630975,3.57185547805727e-09,964,21.2833452611394,18710397
"948",19.91249920035,-5.22916630975,2.69000000052699e-09,31,21.2833452611394,18710398
"949",19.95416586685,-5.22916630975,3.74122999247106e-09,1266,21.2833452611394,18710399
"950",19.99583253335,-5.22916630975,2.69000000052699e-09,2424,21.2833452611394,18710400
"951",20.03749919985,-5.22916630975,2.19416129709771e-09,6641,21.2833452611394,18710401
"952",20.07916586635,-5.22916630975,2.69000000052699e-09,3404,21.2833452611394,18710402
"953",20.12083253285,-5.22916630975,4.2857628557158e-09,1317,21.2833452611394,18710403
"954",20.16249919935,-5.22916630975,4.2857628557158e-09,22,21.2833452611394,18710404
"955",20.20416586585,-5.22916630975,2.80904499661006e-09,1312,21.2833452611394,18710405
"956",20.24583253235,-5.22916630975,2.69000000052699e-09,118,21.2833452611394,18710406
"957",20.28749919885,-5.22916630975,2.69000000052699e-09,2,21.2833452611394,18710407
"958",20.32916586535,-5.22916630975,2.69000000052699e-09,615,21.2833452611394,18710408
"961",19.12083253685,-5.27083297625,2.69000000052699e-09,54,21.2819608725572,18719019
"962",19.16249920335,-5.27083297625,2.69000000052699e-09,1091,21.2819608725572,18719020
"963",19.20416586985,-5.27083297625,4.2857628557158e-09,2787,21.2819608725572,18719021
"964",19.24583253635,-5.27083297625,2.69000000052699e-09,49,21.2819608725572,18719022
"965",19.28749920285,-5.27083297625,3.12801096136184e-09,2483,21.2819608725572,18719023
"966",19.32916586935,-5.27083297625,2.69000000052699e-09,3288,21.2819608725572,18719024
"967",19.37083253585,-5.27083297625,2.10498507513535e-09,70,21.2819608725572,18719025
"968",19.41249920235,-5.27083297625,2.69000000052699e-09,3882,21.2819608725572,18719026
"969",19.45416586885,-5.27083297625,2.69000000052699e-09,1,21.2819608725572,18719027
"970",19.49583253535,-5.27083297625,2.69000000052699e-09,1,21.2819608725572,18719028
"971",19.53749920185,-5.27083297625,1.91400983950984e-09,121,21.2819608725572,18719029
"972",19.57916586835,-5.27083297625,1.66157010372814e-09,5008,21.2819608725572,18719030
"973",19.62083253485,-5.27083297625,2.69000000052699e-09,2176,21.2819608725572,18719031
"974",19.66249920135,-5.27083297625,1.65096936122211e-09,1301,21.2819608725572,18719032
"975",19.70416586785,-5.27083297625,1.76044523403363e-09,3316,21.2819608725572,18719033
"976",19.74583253435,-5.27083297625,2.417380962072e-09,51,21.2819608725572,18719034
"977",19.78749920085,-5.27083297625,2.69000000052699e-09,6030,21.2819608725572,18719035
"978",19.82916586735,-5.27083297625,2.69000000052699e-09,5084,21.2819608725572,18719036
"979",19.87083253385,-5.27083297625,2.30325225558659e-09,764,21.2819608725572,18719037
"980",19.91249920035,-5.27083297625,2.69000000052699e-09,3977,21.2819608725572,18719038
"981",19.95416586685,-5.27083297625,4.2857628557158e-09,1782,21.2819608725572,18719039
"982",19.99583253335,-5.27083297625,2.69000000052699e-09,3677,21.2819608725572,18719040
"983",20.03749919985,-5.27083297625,2.69000000052699e-09,1104,21.2819608725572,18719041
"984",20.07916586635,-5.27083297625,2.69000000052699e-09,2097,21.2819608725572,18719042
"985",20.12083253285,-5.27083297625,2.19363927023153e-09,761,21.2819608725572,18719043
"986",20.16249919935,-5.27083297625,1.10335596215094e-09,26,21.2819608725572,18719044
"987",20.20416586585,-5.27083297625,2.91756974135637e-09,115,21.2819608725572,18719045
"988",20.24583253235,-5.27083297625,2.91154877984923e-09,2,21.2819608725572,18719046
"989",20.28749919885,-5.27083297625,2.41340969431292e-09,867,21.2819608725572,18719047
"990",20.32916586535,-5.27083297625,2.69000000052699e-09,1884,21.2819608725572,18719048
"991",20.37083253185,-5.27083297625,3.56261575795713e-09,15,21.2819608725572,18719049
"994",19.16249920335,-5.31249964275,2.69000000052699e-09,24,21.2805655203395,18727660
"995",19.20416586985,-5.31249964275,2.69000000052699e-09,222,21.2805655203395,18727661
"996",19.24583253635,-5.31249964275,2.69000000052699e-09,30,21.2805655203395,18727662
"997",19.28749920285,-5.31249964275,1.95694438431815e-09,109,21.2805655203395,18727663
"998",19.32916586935,-5.31249964275,2.03943550936003e-09,193,21.2805655203395,18727664
"999",19.37083253585,-5.31249964275,1.84841608685815e-09,4,21.2805655203395,18727665
"1000",19.41249920235,-5.31249964275,2.02702543639077e-09,1226,21.2805655203395,18727666
"1001",19.45416586885,-5.31249964275,2.69000000052699e-09,1,21.2805655203395,18727667
"1003",19.53749920185,-5.31249964275,1.83185466795521e-09,3,21.2805655203395,18727669
"1004",19.57916586835,-5.31249964275,1.83750414883832e-09,581,21.2805655203395,18727670
"1006",19.66249920135,-5.31249964275,2.64698396534868e-09,3,21.2805655203395,18727672
"1007",19.70416586785,-5.31249964275,1.75550118886036e-09,1046,21.2805655203395,18727673
"1008",19.74583253435,-5.31249964275,2.69000000052699e-09,115,21.2805655203395,18727674
"1009",19.78749920085,-5.31249964275,2.58222732085756e-09,12,21.2805655203395,18727675
"1013",19.95416586685,-5.31249964275,2.69000000052699e-09,56,21.2805655203395,18727679
"1014",19.99583253335,-5.31249964275,2.69000000052699e-09,941,21.2805655203395,18727680
"1015",20.03749919985,-5.31249964275,2.69000000052699e-09,2,21.2805655203395,18727681
"1016",20.07916586635,-5.31249964275,4.2857628557158e-09,106,21.2805655203395,18727682
"1018",20.16249919935,-5.31249964275,7.37021499386259e-10,1,21.2805655203395,18727684
"1019",20.20416586585,-5.31249964275,7.44186212653375e-10,51,21.2805655203395,18727685
"1020",20.24583253235,-5.31249964275,2.41420261559711e-09,1,21.2805655203395,18727686
"1022",20.32916586535,-5.31249964275,2.69000000052699e-09,1,21.2805655203395,18727688
